threads, inserts, time
2, 4000, 29.540000;
4, 4000, 16.207000;
6, 4000, 9.558000;
8, 4000, 8.649000;
10, 4000, 6.894000;
4, 100, 0.128000;
4, 1000, 1.213000;
4, 2000, 3.784000;
4, 3000, 11.260000;
4, 4000, 18.331000;
